Workbook

Sheet Start Here
A1: Wedding Budget Planner — Start Here
A2: Read this first. This workbook tracks a wedding budget: one total budget, split across categories, with vendor payments and paid / pending totals.
A3: Get your own copy
A4: 1. Open the copy link that comes with this file.
A5: 2. Choose Make a copy. The copy goes to your own Google Drive.
A6: 3. Edit your copy, not the original.
A7: No seller account is needed; using a Google Sheets online copy usually needs a Google account.
A8: Fill in this order
A9: 1. Overview: enter your Total Budget and Wedding Date.
A10: 2. Overview: check the category shares. Change a share on Overview only; Category Budget follows Overview.
A11: 3. Vendor Payments: add one row per payment. Enter the vendor, category, item, amount, due date, and status (Paid or Pending).
A12: 4. Check Payment Summary, Payment Schedule, and Budget vs Actual. They calculate from your entries.
... A28: Figures you enter are your own estimates. This workbook records and totals them; it does not set prices or payment terms.

Sheet Overview
A1: Wedding Budget — Overview
A2: Total Budget ($)
A3: Wedding Date
A5: Category | B5: Share | C5: Allocated ($)
A6: Venue & Rentals | B6: 0.12 | C6: =IF(OR($B$2="",B6=""),"",ROUND($B$2*B6,2))
A7: Catering & Beverages | B7: 0.28 | C7: =IF(OR($B$2="",B7=""),"",ROUND($B$2*B7,2))
A8: Photography | B8: 0.1 | C8: =IF(OR($B$2="",B8=""),"",ROUND($B$2*B8,2))
A9: Videography | B9: 0.07 | C9: =IF(OR($B$2="",B9=""),"",ROUND($B$2*B9,2))
A10: Music & Entertainment | B10: 0.08 | C10: =IF(OR($B$2="",B10=""),"",ROUND($B$2*B10,2))
A11: Flowers & Decor | B11: 0.08 | C11: =IF(OR($B$2="",B11=""),"",ROUND($B$2*B11,2))
A12: Attire & Accessories | B12: 0.07 | C12: =IF(OR($B$2="",B12=""),"",ROUND($B$2*B12,2))
A13: Rings & Jewelry | B13: 0.03 | C13: =IF(OR($B$2="",B13=""),"",ROUND($B$2*B13,2))
A14: Stationery & Invitations | B14: 0.03 | C14: =IF(OR($B$2="",B14=""),"",ROUND($B$2*B14,2))
A15: Cake & Desserts | B15: 0.02 | C15: =IF(OR($B$2="",B15=""),"",ROUND($B$2*B15,2))
A16: Transportation | B16: 0.02 | C16: =IF(OR($B$2="",B16=""),"",ROUND($B$2*B16,2))
A17: Officiant & Ceremony | B17: 0.02 | C17: =IF(OR($B$2="",B17=""),"",ROUND($B$2*B17,2))
... A20: Rehearsal Dinner | B20: 0.04 | C20: =IF(OR($B$2="",B20=""),"",ROUND($B$2*B20,2))
A21: Total | B21: =SUM(B6:B20) | C21: =SUM(C6:C20)
A23: Totals from Vendor Payments
A24: Total Paid ($) | B24: =SUMIF('Vendor Payments'!$F$2:$F$81,"Paid",'Vendor Payments'!$D$2:$D$81)
A25: Total Pending ($) | B25: =SUMIF('Vendor Payments'!$F$2:$F$81,"Pending",'Vendor Payments'!$D$2:$D$81)
A26: Remaining — not yet committed ($) | B26: =IF(B2="","",B2-B24-B25)
A27: Remaining here means budget not yet committed to any payment. See Payment Summary for Remaining to Pay.

Sheet Category Budget
A1: Category Budget
A2: Category | B2: Share | C2: Budgeted ($) | D2: Paid ($) | E2: Pending ($) | F2: Remaining ($)
A3: Venue & Rentals | B3: =Overview!B6 | C3: =IF(OR(Overview!$B$2="",B3=""),"",ROUND(Overview!$B$2*B3,2)) | D3: =SUMIFS('Vendor Payments'!$D$2:$D$81,'Vendor Payments'!$B$2:$B$81,$A3,'Vendor Payments'!$F$2:$F$81,"Paid") | E3: =SUMIFS('Vendor Payments'!$D$2:$D$81,'Vendor Payments'!$B$2:$B$81,$A3,'Vendor Payments'!$F$2:$F$81,"Pending") | F3: =IF(C3="","",C3-D3)
A4: Catering & Beverages | B4: =Overview!B7 | C4: =IF(OR(Overview!$B$2="",B4=""),"",ROUND(Overview!$B$2*B4,2)) | D4: =SUMIFS('Vendor Payments'!$D$2:$D$81,'Vendor Payments'!$B$2:$B$81,$A4,'Vendor Payments'!$F$2:$F$81,"Paid") | E4: =SUMIFS('Vendor Payments'!$D$2:$D$81,'Vendor Payments'!$B$2:$B$81,$A4,'Vendor Payments'!$F$2:$F$81,"Pending") | F4: =IF(C4="","",C4-D4)
A5: Photography | B5: =Overview!B8 | C5: =IF(OR(Overview!$B$2="",B5=""),"",ROUND(Overview!$B$2*B5,2)) | D5: =SUMIFS('Vendor Payments'!$D$2:$D$81,'Vendor Payments'!$B$2:$B$81,$A5,'Vendor Payments'!$F$2:$F$81,"Paid") | E5: =SUMIFS('Vendor Payments'!$D$2:$D$81,'Vendor Payments'!$B$2:$B$81,$A5,'Vendor Payments'!$F$2:$F$81,"Pending") | F5: =IF(C5="","",C5-D5)
A6: Videography | B6: =Overview!B9 | C6: =IF(OR(Overview!$B$2="",B6=""),"",ROUND(Overview!$B$2*B6,2)) | D6: =SUMIFS('Vendor Payments'!$D$2:$D$81,'Vendor Payments'!$B$2:$B$81,$A6,'Vendor Payments'!$F$2:$F$81,"Paid") | E6: =SUMIFS('Vendor Payments'!$D$2:$D$81,'Vendor Payments'!$B$2:$B$81,$A6,'Vendor Payments'!$F$2:$F$81,"Pending") | F6: =IF(C6="","",C6-D6)
A7: Music & Entertainment | B7: =Overview!B10 | C7: =IF(OR(Overview!$B$2="",B7=""),"",ROUND(Overview!$B$2*B7,2)) | D7: =SUMIFS('Vendor Payments'!$D$2:$D$81,'Vendor Payments'!$B$2:$B$81,$A7,'Vendor Payments'!$F$2:$F$81,"Paid") | E7: =SUMIFS('Vendor Payments'!$D$2:$D$81,'Vendor Payments'!$B$2:$B$81,$A7,'Vendor Payments'!$F$2:$F$81,"Pending") | F7: =IF(C7="","",C7-D7)
A8: Flowers & Decor | B8: =Overview!B11 | C8: =IF(OR(Overview!$B$2="",B8=""),"",ROUND(Overview!$B$2*B8,2)) | D8: =SUMIFS('Vendor Payments'!$D$2:$D$81,'Vendor Payments'!$B$2:$B$81,$A8,'Vendor Payments'!$F$2:$F$81,"Paid") | E8: =SUMIFS('Vendor Payments'!$D$2:$D$81,'Vendor Payments'!$B$2:$B$81,$A8,'Vendor Payments'!$F$2:$F$81,"Pending") | F8: =IF(C8="","",C8-D8)
A9: Attire & Accessories | B9: =Overview!B12 | C9: =IF(OR(Overview!$B$2="",B9=""),"",ROUND(Overview!$B$2*B9,2)) | D9: =SUMIFS('Vendor Payments'!$D$2:$D$81,'Vendor Payments'!$B$2:$B$81,$A9,'Vendor Payments'!$F$2:$F$81,"Paid") | E9: =SUMIFS('Vendor Payments'!$D$2:$D$81,'Vendor Payments'!$B$2:$B$81,$A9,'Vendor Payments'!$F$2:$F$81,"Pending") | F9: =IF(C9="","",C9-D9)
A10: Rings & Jewelry | B10: =Overview!B13 | C10: =IF(OR(Overview!$B$2="",B10=""),"",ROUND(Overview!$B$2*B10,2)) | D10: =SUMIFS('Vendor Payments'!$D$2:$D$81,'Vendor Payments'!$B$2:$B$81,$A10,'Vendor Payments'!$F$2:$F$81,"Paid") | E10: =SUMIFS('Vendor Payments'!$D$2:$D$81,'Vendor Payments'!$B$2:$B$81,$A10,'Vendor Payments'!$F$2:$F$81,"Pending") | F10: =IF(C10="","",C10-D10)
A11: Stationery & Invitations | B11: =Overview!B14 | C11: =IF(OR(Overview!$B$2="",B11=""),"",ROUND(Overview!$B$2*B11,2)) | D11: =SUMIFS('Vendor Payments'!$D$2:$D$81,'Vendor Payments'!$B$2:$B$81,$A11,'Vendor Payments'!$F$2:$F$81,"Paid") | E11: =SUMIFS('Vendor Payments'!$D$2:$D$81,'Vendor Payments'!$B$2:$B$81,$A11,'Vendor Payments'!$F$2:$F$81,"Pending") | F11: =IF(C11="","",C11-D11)
A12: Cake & Desserts | B12: =Overview!B15 | C12: =IF(OR(Overview!$B$2="",B12=""),"",ROUND(Overview!$B$2*B12,2)) | D12: =SUMIFS('Vendor Payments'!$D$2:$D$81,'Vendor Payments'!$B$2:$B$81,$A12,'Vendor Payments'!$F$2:$F$81,"Paid") | E12: =SUMIFS('Vendor Payments'!$D$2:$D$81,'Vendor Payments'!$B$2:$B$81,$A12,'Vendor Payments'!$F$2:$F$81,"Pending") | F12: =IF(C12="","",C12-D12)
A13: Transportation | B13: =Overview!B16 | C13: =IF(OR(Overview!$B$2="",B13=""),"",ROUND(Overview!$B$2*B13,2)) | D13: =SUMIFS('Vendor Payments'!$D$2:$D$81,'Vendor Payments'!$B$2:$B$81,$A13,'Vendor Payments'!$F$2:$F$81,"Paid") | E13: =SUMIFS('Vendor Payments'!$D$2:$D$81,'Vendor Payments'!$B$2:$B$81,$A13,'Vendor Payments'!$F$2:$F$81,"Pending") | F13: =IF(C13="","",C13-D13)
A14: Officiant & Ceremony | B14: =Overview!B17 | C14: =IF(OR(Overview!$B$2="",B14=""),"",ROUND(Overview!$B$2*B14,2)) | D14: =SUMIFS('Vendor Payments'!$D$2:$D$81,'Vendor Payments'!$B$2:$B$81,$A14,'Vendor Payments'!$F$2:$F$81,"Paid") | E14: =SUMIFS('Vendor Payments'!$D$2:$D$81,'Vendor Payments'!$B$2:$B$81,$A14,'Vendor Payments'!$F$2:$F$81,"Pending") | F14: =IF(C14="","",C14-D14)
... A17: Rehearsal Dinner | B17: =Overview!B20 | C17: =IF(OR(Overview!$B$2="",B17=""),"",ROUND(Overview!$B$2*B17,2)) | D17: =SUMIFS('Vendor Payments'!$D$2:$D$81,'Vendor Payments'!$B$2:$B$81,$A17,'Vendor Payments'!$F$2:$F$81,"Paid") | E17: =SUMIFS('Vendor Payments'!$D$2:$D$81,'Vendor Payments'!$B$2:$B$81,$A17,'Vendor Payments'!$F$2:$F$81,"Pending") | F17: =IF(C17="","",C17-D17)
A18: Total | B18: =SUM(B3:B17) | C18: =SUM(C3:C17) | D18: =SUM(D3:D17) | E18: =SUM(E3:E17) | F18: =SUM(F3:F17)
A20: Paid counts payments marked Paid. Pending amounts are shown separately and are not deducted from Remaining. Change shares on Overview only.

Sheet Vendor Payments
A1: Vendor | B1: Category | C1: Item | D1: Amount ($) | E1: Due Date | F1: Status | G1: Notes | H1: Flag
H2: =IF(AND(E2<>"",E2<TODAY(),F2="Pending"),"Overdue","")
H3: =IF(AND(E3<>"",E3<TODAY(),F3="Pending"),"Overdue","")
H4: =IF(AND(E4<>"",E4<TODAY(),F4="Pending"),"Overdue","")
H5: =IF(AND(E5<>"",E5<TODAY(),F5="Pending"),"Overdue","")
H6: =IF(AND(E6<>"",E6<TODAY(),F6="Pending"),"Overdue","")
H7: =IF(AND(E7<>"",E7<TODAY(),F7="Pending"),"Overdue","")
H8: =IF(AND(E8<>"",E8<TODAY(),F8="Pending"),"Overdue","")
H9: =IF(AND(E9<>"",E9<TODAY(),F9="Pending"),"Overdue","")
H10: =IF(AND(E10<>"",E10<TODAY(),F10="Pending"),"Overdue","")
H11: =IF(AND(E11<>"",E11<TODAY(),F11="Pending"),"Overdue","")
H12: =IF(AND(E12<>"",E12<TODAY(),F12="Pending"),"Overdue","")
H13: =IF(AND(E13<>"",E13<TODAY(),F13="Pending"),"Overdue","")
... H81: =IF(AND(E81<>"",E81<TODAY(),F81="Pending"),"Overdue","")

Sheet Payment Summary
A1: Payment Summary
A2: By status | B2: Amount ($)
A3: Paid | B3: =SUMIF('Vendor Payments'!$F$2:$F$81,"Paid",'Vendor Payments'!$D$2:$D$81)
A4: Pending | B4: =SUMIF('Vendor Payments'!$F$2:$F$81,"Pending",'Vendor Payments'!$D$2:$D$81)
A5: Total committed | B5: =SUM(B3:B4)
A6: Total budget | B6: =Overview!B2
A7: Remaining to pay | B7: =IF(OR(B6="",B3=""),"",B6-B3)
A8: Uncommitted | B8: =IF(OR(B6="",B3="",B4=""),"",B6-B3-B4)
A10: By category | B10: Paid ($) | C10: Pending ($) | D10: Total ($)
A11: Venue & Rentals | B11: =SUMIFS('Vendor Payments'!$D$2:$D$81,'Vendor Payments'!$B$2:$B$81,$A11,'Vendor Payments'!$F$2:$F$81,"Paid") | C11: =SUMIFS('Vendor Payments'!$D$2:$D$81,'Vendor Payments'!$B$2:$B$81,$A11,'Vendor Payments'!$F$2:$F$81,"Pending") | D11: =SUM(B11:C11)
A12: Catering & Beverages | B12: =SUMIFS('Vendor Payments'!$D$2:$D$81,'Vendor Payments'!$B$2:$B$81,$A12,'Vendor Payments'!$F$2:$F$81,"Paid") | C12: =SUMIFS('Vendor Payments'!$D$2:$D$81,'Vendor Payments'!$B$2:$B$81,$A12,'Vendor Payments'!$F$2:$F$81,"Pending") | D12: =SUM(B12:C12)
A13: Photography | B13: =SUMIFS('Vendor Payments'!$D$2:$D$81,'Vendor Payments'!$B$2:$B$81,$A13,'Vendor Payments'!$F$2:$F$81,"Paid") | C13: =SUMIFS('Vendor Payments'!$D$2:$D$81,'Vendor Payments'!$B$2:$B$81,$A13,'Vendor Payments'!$F$2:$F$81,"Pending") | D13: =SUM(B13:C13)
A14: Videography | B14: =SUMIFS('Vendor Payments'!$D$2:$D$81,'Vendor Payments'!$B$2:$B$81,$A14,'Vendor Payments'!$F$2:$F$81,"Paid") | C14: =SUMIFS('Vendor Payments'!$D$2:$D$81,'Vendor Payments'!$B$2:$B$81,$A14,'Vendor Payments'!$F$2:$F$81,"Pending") | D14: =SUM(B14:C14)
A15: Music & Entertainment | B15: =SUMIFS('Vendor Payments'!$D$2:$D$81,'Vendor Payments'!$B$2:$B$81,$A15,'Vendor Payments'!$F$2:$F$81,"Paid") | C15: =SUMIFS('Vendor Payments'!$D$2:$D$81,'Vendor Payments'!$B$2:$B$81,$A15,'Vendor Payments'!$F$2:$F$81,"Pending") | D15: =SUM(B15:C15)
A16: Flowers & Decor | B16: =SUMIFS('Vendor Payments'!$D$2:$D$81,'Vendor Payments'!$B$2:$B$81,$A16,'Vendor Payments'!$F$2:$F$81,"Paid") | C16: =SUMIFS('Vendor Payments'!$D$2:$D$81,'Vendor Payments'!$B$2:$B$81,$A16,'Vendor Payments'!$F$2:$F$81,"Pending") | D16: =SUM(B16:C16)
A17: Attire & Accessories | B17: =SUMIFS('Vendor Payments'!$D$2:$D$81,'Vendor Payments'!$B$2:$B$81,$A17,'Vendor Payments'!$F$2:$F$81,"Paid") | C17: =SUMIFS('Vendor Payments'!$D$2:$D$81,'Vendor Payments'!$B$2:$B$81,$A17,'Vendor Payments'!$F$2:$F$81,"Pending") | D17: =SUM(B17:C17)
A18: Rings & Jewelry | B18: =SUMIFS('Vendor Payments'!$D$2:$D$81,'Vendor Payments'!$B$2:$B$81,$A18,'Vendor Payments'!$F$2:$F$81,"Paid") | C18: =SUMIFS('Vendor Payments'!$D$2:$D$81,'Vendor Payments'!$B$2:$B$81,$A18,'Vendor Payments'!$F$2:$F$81,"Pending") | D18: =SUM(B18:C18)
A19: Stationery & Invitations | B19: =SUMIFS('Vendor Payments'!$D$2:$D$81,'Vendor Payments'!$B$2:$B$81,$A19,'Vendor Payments'!$F$2:$F$81,"Paid") | C19: =SUMIFS('Vendor Payments'!$D$2:$D$81,'Vendor Payments'!$B$2:$B$81,$A19,'Vendor Payments'!$F$2:$F$81,"Pending") | D19: =SUM(B19:C19)
A20: Cake & Desserts | B20: =SUMIFS('Vendor Payments'!$D$2:$D$81,'Vendor Payments'!$B$2:$B$81,$A20,'Vendor Payments'!$F$2:$F$81,"Paid") | C20: =SUMIFS('Vendor Payments'!$D$2:$D$81,'Vendor Payments'!$B$2:$B$81,$A20,'Vendor Payments'!$F$2:$F$81,"Pending") | D20: =SUM(B20:C20)
A21: Transportation | B21: =SUMIFS('Vendor Payments'!$D$2:$D$81,'Vendor Payments'!$B$2:$B$81,$A21,'Vendor Payments'!$F$2:$F$81,"Paid") | C21: =SUMIFS('Vendor Payments'!$D$2:$D$81,'Vendor Payments'!$B$2:$B$81,$A21,'Vendor Payments'!$F$2:$F$81,"Pending") | D21: =SUM(B21:C21)
A22: Officiant & Ceremony | B22: =SUMIFS('Vendor Payments'!$D$2:$D$81,'Vendor Payments'!$B$2:$B$81,$A22,'Vendor Payments'!$F$2:$F$81,"Paid") | C22: =SUMIFS('Vendor Payments'!$D$2:$D$81,'Vendor Payments'!$B$2:$B$81,$A22,'Vendor Payments'!$F$2:$F$81,"Pending") | D22: =SUM(B22:C22)
... A25: Rehearsal Dinner | B25: =SUMIFS('Vendor Payments'!$D$2:$D$81,'Vendor Payments'!$B$2:$B$81,$A25,'Vendor Payments'!$F$2:$F$81,"Paid") | C25: =SUMIFS('Vendor Payments'!$D$2:$D$81,'Vendor Payments'!$B$2:$B$81,$A25,'Vendor Payments'!$F$2:$F$81,"Pending") | D25: =SUM(B25:C25)
A26: Total | B26: =SUM(B11:B25) | C26: =SUM(C11:C25) | D26: =SUM(D11:D25)
A28: Custom categories | B28: Paid ($) | C28: Pending ($) | D28: Total ($)
A29: =IF('Custom & Notes'!A3="","",'Custom & Notes'!A3) | B29: =IF($A29="","",SUMIFS('Vendor Payments'!$D$2:$D$81,'Vendor Payments'!$B$2:$B$81,$A29,'Vendor Payments'!$F$2:$F$81,"Paid")) | C29: =IF($A29="","",SUMIFS('Vendor Payments'!$D$2:$D$81,'Vendor Payments'!$B$2:$B$81,$A29,'Vendor Payments'!$F$2:$F$81,"Pending")) | D29: =IF($A29="","",SUM(B29:C29))
A30: =IF('Custom & Notes'!A4="","",'Custom & Notes'!A4) | B30: =IF($A30="","",SUMIFS('Vendor Payments'!$D$2:$D$81,'Vendor Payments'!$B$2:$B$81,$A30,'Vendor Payments'!$F$2:$F$81,"Paid")) | C30: =IF($A30="","",SUMIFS('Vendor Payments'!$D$2:$D$81,'Vendor Payments'!$B$2:$B$81,$A30,'Vendor Payments'!$F$2:$F$81,"Pending")) | D30: =IF($A30="","",SUM(B30:C30))
A31: =IF('Custom & Notes'!A5="","",'Custom & Notes'!A5) | B31: =IF($A31="","",SUMIFS('Vendor Payments'!$D$2:$D$81,'Vendor Payments'!$B$2:$B$81,$A31,'Vendor Payments'!$F$2:$F$81,"Paid")) | C31: =IF($A31="","",SUMIFS('Vendor Payments'!$D$2:$D$81,'Vendor Payments'!$B$2:$B$81,$A31,'Vendor Payments'!$F$2:$F$81,"Pending")) | D31: =IF($A31="","",SUM(B31:C31))
A32: =IF('Custom & Notes'!A6="","",'Custom & Notes'!A6) | B32: =IF($A32="","",SUMIFS('Vendor Payments'!$D$2:$D$81,'Vendor Payments'!$B$2:$B$81,$A32,'Vendor Payments'!$F$2:$F$81,"Paid")) | C32: =IF($A32="","",SUMIFS('Vendor Payments'!$D$2:$D$81,'Vendor Payments'!$B$2:$B$81,$A32,'Vendor Payments'!$F$2:$F$81,"Pending")) | D32: =IF($A32="","",SUM(B32:C32))
A33: =IF('Custom & Notes'!A7="","",'Custom & Notes'!A7) | B33: =IF($A33="","",SUMIFS('Vendor Payments'!$D$2:$D$81,'Vendor Payments'!$B$2:$B$81,$A33,'Vendor Payments'!$F$2:$F$81,"Paid")) | C33: =IF($A33="","",SUMIFS('Vendor Payments'!$D$2:$D$81,'Vendor Payments'!$B$2:$B$81,$A33,'Vendor Payments'!$F$2:$F$81,"Pending")) | D33: =IF($A33="","",SUM(B33:C33))
A34: Total | B34: =SUM(B29:B33) | C34: =SUM(C29:C33) | D34: =SUM(D29:D33)
A36: Grand total (all categories) | B36: =B26+B34 | C36: =C26+C34 | D36: =D26+D34
A38: Grand total (all categories) should match Total committed above.

Sheet Payment Schedule
A1: Payment Schedule
A2: Rows mirror Vendor Payments. Enter rows there in due-date order, or sort that tab by Due Date.
A3: Vendor | B3: Category | C3: Item | D3: Amount ($) | E3: Due Date | F3: Status | G3: Days to Due | H3: Days to Wedding | I3: Flag
A4: =IF('Vendor Payments'!A2="","",'Vendor Payments'!A2) | B4: =IF('Vendor Payments'!B2="","",'Vendor Payments'!B2) | C4: =IF('Vendor Payments'!C2="","",'Vendor Payments'!C2) | D4: =IF('Vendor Payments'!D2="","",'Vendor Payments'!D2) | E4: =IF('Vendor Payments'!E2="","",'Vendor Payments'!E2) | F4: =IF('Vendor Payments'!F2="","",'Vendor Payments'!F2) | G4: =IF(E4="","",E4-TODAY()) | H4: =IF(OR(E4="",Overview!$B$3=""),"",Overview!$B$3-E4) | I4: =IF(AND(E4<>"",E4<TODAY(),F4="Pending"),"Overdue","")
A5: =IF('Vendor Payments'!A3="","",'Vendor Payments'!A3) | B5: =IF('Vendor Payments'!B3="","",'Vendor Payments'!B3) | C5: =IF('Vendor Payments'!C3="","",'Vendor Payments'!C3) | D5: =IF('Vendor Payments'!D3="","",'Vendor Payments'!D3) | E5: =IF('Vendor Payments'!E3="","",'Vendor Payments'!E3) | F5: =IF('Vendor Payments'!F3="","",'Vendor Payments'!F3) | G5: =IF(E5="","",E5-TODAY()) | H5: =IF(OR(E5="",Overview!$B$3=""),"",Overview!$B$3-E5) | I5: =IF(AND(E5<>"",E5<TODAY(),F5="Pending"),"Overdue","")
A6: =IF('Vendor Payments'!A4="","",'Vendor Payments'!A4) | B6: =IF('Vendor Payments'!B4="","",'Vendor Payments'!B4) | C6: =IF('Vendor Payments'!C4="","",'Vendor Payments'!C4) | D6: =IF('Vendor Payments'!D4="","",'Vendor Payments'!D4) | E6: =IF('Vendor Payments'!E4="","",'Vendor Payments'!E4) | F6: =IF('Vendor Payments'!F4="","",'Vendor Payments'!F4) | G6: =IF(E6="","",E6-TODAY()) | H6: =IF(OR(E6="",Overview!$B$3=""),"",Overview!$B$3-E6) | I6: =IF(AND(E6<>"",E6<TODAY(),F6="Pending"),"Overdue","")
A7: =IF('Vendor Payments'!A5="","",'Vendor Payments'!A5) | B7: =IF('Vendor Payments'!B5="","",'Vendor Payments'!B5) | C7: =IF('Vendor Payments'!C5="","",'Vendor Payments'!C5) | D7: =IF('Vendor Payments'!D5="","",'Vendor Payments'!D5) | E7: =IF('Vendor Payments'!E5="","",'Vendor Payments'!E5) | F7: =IF('Vendor Payments'!F5="","",'Vendor Payments'!F5) | G7: =IF(E7="","",E7-TODAY()) | H7: =IF(OR(E7="",Overview!$B$3=""),"",Overview!$B$3-E7) | I7: =IF(AND(E7<>"",E7<TODAY(),F7="Pending"),"Overdue","")
A8: =IF('Vendor Payments'!A6="","",'Vendor Payments'!A6) | B8: =IF('Vendor Payments'!B6="","",'Vendor Payments'!B6) | C8: =IF('Vendor Payments'!C6="","",'Vendor Payments'!C6) | D8: =IF('Vendor Payments'!D6="","",'Vendor Payments'!D6) | E8: =IF('Vendor Payments'!E6="","",'Vendor Payments'!E6) | F8: =IF('Vendor Payments'!F6="","",'Vendor Payments'!F6) | G8: =IF(E8="","",E8-TODAY()) | H8: =IF(OR(E8="",Overview!$B$3=""),"",Overview!$B$3-E8) | I8: =IF(AND(E8<>"",E8<TODAY(),F8="Pending"),"Overdue","")
A9: =IF('Vendor Payments'!A7="","",'Vendor Payments'!A7) | B9: =IF('Vendor Payments'!B7="","",'Vendor Payments'!B7) | C9: =IF('Vendor Payments'!C7="","",'Vendor Payments'!C7) | D9: =IF('Vendor Payments'!D7="","",'Vendor Payments'!D7) | E9: =IF('Vendor Payments'!E7="","",'Vendor Payments'!E7) | F9: =IF('Vendor Payments'!F7="","",'Vendor Payments'!F7) | G9: =IF(E9="","",E9-TODAY()) | H9: =IF(OR(E9="",Overview!$B$3=""),"",Overview!$B$3-E9) | I9: =IF(AND(E9<>"",E9<TODAY(),F9="Pending"),"Overdue","")
A10: =IF('Vendor Payments'!A8="","",'Vendor Payments'!A8) | B10: =IF('Vendor Payments'!B8="","",'Vendor Payments'!B8) | C10: =IF('Vendor Payments'!C8="","",'Vendor Payments'!C8) | D10: =IF('Vendor Payments'!D8="","",'Vendor Payments'!D8) | E10: =IF('Vendor Payments'!E8="","",'Vendor Payments'!E8) | F10: =IF('Vendor Payments'!F8="","",'Vendor Payments'!F8) | G10: =IF(E10="","",E10-TODAY()) | H10: =IF(OR(E10="",Overview!$B$3=""),"",Overview!$B$3-E10) | I10: =IF(AND(E10<>"",E10<TODAY(),F10="Pending"),"Overdue","")
A11: =IF('Vendor Payments'!A9="","",'Vendor Payments'!A9) | B11: =IF('Vendor Payments'!B9="","",'Vendor Payments'!B9) | C11: =IF('Vendor Payments'!C9="","",'Vendor Payments'!C9) | D11: =IF('Vendor Payments'!D9="","",'Vendor Payments'!D9) | E11: =IF('Vendor Payments'!E9="","",'Vendor Payments'!E9) | F11: =IF('Vendor Payments'!F9="","",'Vendor Payments'!F9) | G11: =IF(E11="","",E11-TODAY()) | H11: =IF(OR(E11="",Overview!$B$3=""),"",Overview!$B$3-E11) | I11: =IF(AND(E11<>"",E11<TODAY(),F11="Pending"),"Overdue","")
A12: =IF('Vendor Payments'!A10="","",'Vendor Payments'!A10) | B12: =IF('Vendor Payments'!B10="","",'Vendor Payments'!B10) | C12: =IF('Vendor Payments'!C10="","",'Vendor Payments'!C10) | D12: =IF('Vendor Payments'!D10="","",'Vendor Payments'!D10) | E12: =IF('Vendor Payments'!E10="","",'Vendor Payments'!E10) | F12: =IF('Vendor Payments'!F10="","",'Vendor Payments'!F10) | G12: =IF(E12="","",E12-TODAY()) | H12: =IF(OR(E12="",Overview!$B$3=""),"",Overview!$B$3-E12) | I12: =IF(AND(E12<>"",E12<TODAY(),F12="Pending"),"Overdue","")
A13: =IF('Vendor Payments'!A11="","",'Vendor Payments'!A11) | B13: =IF('Vendor Payments'!B11="","",'Vendor Payments'!B11) | C13: =IF('Vendor Payments'!C11="","",'Vendor Payments'!C11) | D13: =IF('Vendor Payments'!D11="","",'Vendor Payments'!D11) | E13: =IF('Vendor Payments'!E11="","",'Vendor Payments'!E11) | F13: =IF('Vendor Payments'!F11="","",'Vendor Payments'!F11) | G13: =IF(E13="","",E13-TODAY()) | H13: =IF(OR(E13="",Overview!$B$3=""),"",Overview!$B$3-E13) | I13: =IF(AND(E13<>"",E13<TODAY(),F13="Pending"),"Overdue","")
A14: =IF('Vendor Payments'!A12="","",'Vendor Payments'!A12) | B14: =IF('Vendor Payments'!B12="","",'Vendor Payments'!B12) | C14: =IF('Vendor Payments'!C12="","",'Vendor Payments'!C12) | D14: =IF('Vendor Payments'!D12="","",'Vendor Payments'!D12) | E14: =IF('Vendor Payments'!E12="","",'Vendor Payments'!E12) | F14: =IF('Vendor Payments'!F12="","",'Vendor Payments'!F12) | G14: =IF(E14="","",E14-TODAY()) | H14: =IF(OR(E14="",Overview!$B$3=""),"",Overview!$B$3-E14) | I14: =IF(AND(E14<>"",E14<TODAY(),F14="Pending"),"Overdue","")
A15: =IF('Vendor Payments'!A13="","",'Vendor Payments'!A13) | B15: =IF('Vendor Payments'!B13="","",'Vendor Payments'!B13) | C15: =IF('Vendor Payments'!C13="","",'Vendor Payments'!C13) | D15: =IF('Vendor Payments'!D13="","",'Vendor Payments'!D13) | E15: =IF('Vendor Payments'!E13="","",'Vendor Payments'!E13) | F15: =IF('Vendor Payments'!F13="","",'Vendor Payments'!F13) | G15: =IF(E15="","",E15-TODAY()) | H15: =IF(OR(E15="",Overview!$B$3=""),"",Overview!$B$3-E15) | I15: =IF(AND(E15<>"",E15<TODAY(),F15="Pending"),"Overdue","")
... A83: =IF('Vendor Payments'!A81="","",'Vendor Payments'!A81) | B83: =IF('Vendor Payments'!B81="","",'Vendor Payments'!B81) | C83: =IF('Vendor Payments'!C81="","",'Vendor Payments'!C81) | D83: =IF('Vendor Payments'!D81="","",'Vendor Payments'!D81) | E83: =IF('Vendor Payments'!E81="","",'Vendor Payments'!E81) | F83: =IF('Vendor Payments'!F81="","",'Vendor Payments'!F81) | G83: =IF(E83="","",E83-TODAY()) | H83: =IF(OR(E83="",Overview!$B$3=""),"",Overview!$B$3-E83) | I83: =IF(AND(E83<>"",E83<TODAY(),F83="Pending"),"Overdue","")

Sheet Budget vs Actual
A1: Budget vs Actual
A2: Category | B2: Budgeted ($) | C2: Actual Paid ($) | D2: Difference ($) | E2: Flag
A3: Venue & Rentals | B3: ='Category Budget'!C3 | C3: =SUMIFS('Vendor Payments'!$D$2:$D$81,'Vendor Payments'!$B$2:$B$81,$A3,'Vendor Payments'!$F$2:$F$81,"Paid") | D3: =IF(OR(B3="",C3=""),"",C3-B3) | E3: =IF(AND(D3<>"",D3>0),"Over budget","")
A4: Catering & Beverages | B4: ='Category Budget'!C4 | C4: =SUMIFS('Vendor Payments'!$D$2:$D$81,'Vendor Payments'!$B$2:$B$81,$A4,'Vendor Payments'!$F$2:$F$81,"Paid") | D4: =IF(OR(B4="",C4=""),"",C4-B4) | E4: =IF(AND(D4<>"",D4>0),"Over budget","")
A5: Photography | B5: ='Category Budget'!C5 | C5: =SUMIFS('Vendor Payments'!$D$2:$D$81,'Vendor Payments'!$B$2:$B$81,$A5,'Vendor Payments'!$F$2:$F$81,"Paid") | D5: =IF(OR(B5="",C5=""),"",C5-B5) | E5: =IF(AND(D5<>"",D5>0),"Over budget","")
A6: Videography | B6: ='Category Budget'!C6 | C6: =SUMIFS('Vendor Payments'!$D$2:$D$81,'Vendor Payments'!$B$2:$B$81,$A6,'Vendor Payments'!$F$2:$F$81,"Paid") | D6: =IF(OR(B6="",C6=""),"",C6-B6) | E6: =IF(AND(D6<>"",D6>0),"Over budget","")
A7: Music & Entertainment | B7: ='Category Budget'!C7 | C7: =SUMIFS('Vendor Payments'!$D$2:$D$81,'Vendor Payments'!$B$2:$B$81,$A7,'Vendor Payments'!$F$2:$F$81,"Paid") | D7: =IF(OR(B7="",C7=""),"",C7-B7) | E7: =IF(AND(D7<>"",D7>0),"Over budget","")
A8: Flowers & Decor | B8: ='Category Budget'!C8 | C8: =SUMIFS('Vendor Payments'!$D$2:$D$81,'Vendor Payments'!$B$2:$B$81,$A8,'Vendor Payments'!$F$2:$F$81,"Paid") | D8: =IF(OR(B8="",C8=""),"",C8-B8) | E8: =IF(AND(D8<>"",D8>0),"Over budget","")
A9: Attire & Accessories | B9: ='Category Budget'!C9 | C9: =SUMIFS('Vendor Payments'!$D$2:$D$81,'Vendor Payments'!$B$2:$B$81,$A9,'Vendor Payments'!$F$2:$F$81,"Paid") | D9: =IF(OR(B9="",C9=""),"",C9-B9) | E9: =IF(AND(D9<>"",D9>0),"Over budget","")
A10: Rings & Jewelry | B10: ='Category Budget'!C10 | C10: =SUMIFS('Vendor Payments'!$D$2:$D$81,'Vendor Payments'!$B$2:$B$81,$A10,'Vendor Payments'!$F$2:$F$81,"Paid") | D10: =IF(OR(B10="",C10=""),"",C10-B10) | E10: =IF(AND(D10<>"",D10>0),"Over budget","")
A11: Stationery & Invitations | B11: ='Category Budget'!C11 | C11: =SUMIFS('Vendor Payments'!$D$2:$D$81,'Vendor Payments'!$B$2:$B$81,$A11,'Vendor Payments'!$F$2:$F$81,"Paid") | D11: =IF(OR(B11="",C11=""),"",C11-B11) | E11: =IF(AND(D11<>"",D11>0),"Over budget","")
A12: Cake & Desserts | B12: ='Category Budget'!C12 | C12: =SUMIFS('Vendor Payments'!$D$2:$D$81,'Vendor Payments'!$B$2:$B$81,$A12,'Vendor Payments'!$F$2:$F$81,"Paid") | D12: =IF(OR(B12="",C12=""),"",C12-B12) | E12: =IF(AND(D12<>"",D12>0),"Over budget","")
A13: Transportation | B13: ='Category Budget'!C13 | C13: =SUMIFS('Vendor Payments'!$D$2:$D$81,'Vendor Payments'!$B$2:$B$81,$A13,'Vendor Payments'!$F$2:$F$81,"Paid") | D13: =IF(OR(B13="",C13=""),"",C13-B13) | E13: =IF(AND(D13<>"",D13>0),"Over budget","")
A14: Officiant & Ceremony | B14: ='Category Budget'!C14 | C14: =SUMIFS('Vendor Payments'!$D$2:$D$81,'Vendor Payments'!$B$2:$B$81,$A14,'Vendor Payments'!$F$2:$F$81,"Paid") | D14: =IF(OR(B14="",C14=""),"",C14-B14) | E14: =IF(AND(D14<>"",D14>0),"Over budget","")
... A17: Rehearsal Dinner | B17: ='Category Budget'!C17 | C17: =SUMIFS('Vendor Payments'!$D$2:$D$81,'Vendor Payments'!$B$2:$B$81,$A17,'Vendor Payments'!$F$2:$F$81,"Paid") | D17: =IF(OR(B17="",C17=""),"",C17-B17) | E17: =IF(AND(D17<>"",D17>0),"Over budget","")
A18: Total | B18: =SUM(B3:B17) | C18: =SUM(C3:C17) | D18: =SUM(D3:D17)
A20: Custom categories | B20: Budgeted ($) | C20: Actual Paid ($) | D20: Difference ($) | E20: Flag
A21: =IF('Custom & Notes'!A3="","",'Custom & Notes'!A3) | B21: =IF($A21="","",'Custom & Notes'!B3) | C21: =IF($A21="","",SUMIFS('Vendor Payments'!$D$2:$D$81,'Vendor Payments'!$B$2:$B$81,$A21,'Vendor Payments'!$F$2:$F$81,"Paid")) | D21: =IF(OR(B21="",C21=""),"",C21-B21) | E21: =IF(AND(D21<>"",D21>0),"Over budget","")
A22: =IF('Custom & Notes'!A4="","",'Custom & Notes'!A4) | B22: =IF($A22="","",'Custom & Notes'!B4) | C22: =IF($A22="","",SUMIFS('Vendor Payments'!$D$2:$D$81,'Vendor Payments'!$B$2:$B$81,$A22,'Vendor Payments'!$F$2:$F$81,"Paid")) | D22: =IF(OR(B22="",C22=""),"",C22-B22) | E22: =IF(AND(D22<>"",D22>0),"Over budget","")
A23: =IF('Custom & Notes'!A5="","",'Custom & Notes'!A5) | B23: =IF($A23="","",'Custom & Notes'!B5) | C23: =IF($A23="","",SUMIFS('Vendor Payments'!$D$2:$D$81,'Vendor Payments'!$B$2:$B$81,$A23,'Vendor Payments'!$F$2:$F$81,"Paid")) | D23: =IF(OR(B23="",C23=""),"",C23-B23) | E23: =IF(AND(D23<>"",D23>0),"Over budget","")
A24: =IF('Custom & Notes'!A6="","",'Custom & Notes'!A6) | B24: =IF($A24="","",'Custom & Notes'!B6) | C24: =IF($A24="","",SUMIFS('Vendor Payments'!$D$2:$D$81,'Vendor Payments'!$B$2:$B$81,$A24,'Vendor Payments'!$F$2:$F$81,"Paid")) | D24: =IF(OR(B24="",C24=""),"",C24-B24) | E24: =IF(AND(D24<>"",D24>0),"Over budget","")
A25: =IF('Custom & Notes'!A7="","",'Custom & Notes'!A7) | B25: =IF($A25="","",'Custom & Notes'!B7) | C25: =IF($A25="","",SUMIFS('Vendor Payments'!$D$2:$D$81,'Vendor Payments'!$B$2:$B$81,$A25,'Vendor Payments'!$F$2:$F$81,"Paid")) | D25: =IF(OR(B25="",C25=""),"",C25-B25) | E25: =IF(AND(D25<>"",D25>0),"Over budget","")
A26: Total | B26: =SUM(B21:B25) | C26: =SUM(C21:C25) | D26: =SUM(D21:D25)
A28: Grand total | B28: =B18+B26 | C28: =C18+C26 | D28: =D18+D26

Sheet Custom & Notes
A1: Custom Categories & Notes
A2: Custom Category | B2: Budgeted ($) | C2: Paid ($) | D2: Pending ($) | E2: Remaining ($)
C3: =IF($A3="","",SUMIFS('Vendor Payments'!$D$2:$D$81,'Vendor Payments'!$B$2:$B$81,$A3,'Vendor Payments'!$F$2:$F$81,"Paid")) | D3: =IF($A3="","",SUMIFS('Vendor Payments'!$D$2:$D$81,'Vendor Payments'!$B$2:$B$81,$A3,'Vendor Payments'!$F$2:$F$81,"Pending")) | E3: =IF(OR($A3="",$B3=""),"",$B3-$C3)
C4: =IF($A4="","",SUMIFS('Vendor Payments'!$D$2:$D$81,'Vendor Payments'!$B$2:$B$81,$A4,'Vendor Payments'!$F$2:$F$81,"Paid")) | D4: =IF($A4="","",SUMIFS('Vendor Payments'!$D$2:$D$81,'Vendor Payments'!$B$2:$B$81,$A4,'Vendor Payments'!$F$2:$F$81,"Pending")) | E4: =IF(OR($A4="",$B4=""),"",$B4-$C4)
C5: =IF($A5="","",SUMIFS('Vendor Payments'!$D$2:$D$81,'Vendor Payments'!$B$2:$B$81,$A5,'Vendor Payments'!$F$2:$F$81,"Paid")) | D5: =IF($A5="","",SUMIFS('Vendor Payments'!$D$2:$D$81,'Vendor Payments'!$B$2:$B$81,$A5,'Vendor Payments'!$F$2:$F$81,"Pending")) | E5: =IF(OR($A5="",$B5=""),"",$B5-$C5)
C6: =IF($A6="","",SUMIFS('Vendor Payments'!$D$2:$D$81,'Vendor Payments'!$B$2:$B$81,$A6,'Vendor Payments'!$F$2:$F$81,"Paid")) | D6: =IF($A6="","",SUMIFS('Vendor Payments'!$D$2:$D$81,'Vendor Payments'!$B$2:$B$81,$A6,'Vendor Payments'!$F$2:$F$81,"Pending")) | E6: =IF(OR($A6="",$B6=""),"",$B6-$C6)
C7: =IF($A7="","",SUMIFS('Vendor Payments'!$D$2:$D$81,'Vendor Payments'!$B$2:$B$81,$A7,'Vendor Payments'!$F$2:$F$81,"Paid")) | D7: =IF($A7="","",SUMIFS('Vendor Payments'!$D$2:$D$81,'Vendor Payments'!$B$2:$B$81,$A7,'Vendor Payments'!$F$2:$F$81,"Pending")) | E7: =IF(OR($A7="",$B7=""),"",$B7-$C7)
A8: Total | B8: =SUM(B3:B7) | C8: =SUM(C3:C7) | D8: =SUM(D3:D7) | E8: =SUM(E3:E7)
A10: Contingency (reserve)
A11: Contingency rate
A12: Contingency amount ($) | B12: =IF(OR($B$11="",Overview!$B$2=""),"",ROUND(Overview!$B$2*$B$11,2))
A13: Contingency is a reserve, not spending. It is not included in Paid or Pending totals.
A15: Notes
